model_name|prompt|response|muid|mu_val|D|D_num|D_denom|A_num|LogA|time
Qwen/Qwen2.5-1.5B-Instruct|The police officer walked into the room, carefully examining every clue. The information was sparse, but he believed the clues would lead him to the truth. He looked at the doorknob, noticing something odd about it. He made a note to check it more| closely later. NEWLINENEWLINEWhat is the most likely reason for the police officer to be examining the doork|0|The|-13.74249267578125|-147.41397094726562|-133.67147827148438|-11.764986038208008|1.9775066375732422|146.61814832687378
Qwen/Qwen2.5-1.5B-Instruct|The police officer walked into the room, carefully examining every clue. The information was sparse, but he believed the clues would lead him to the truth. He looked at the doorknob, noticing something odd about it. He made a note to check it more| closely later. NEWLINENEWLINEWhat is the most likely reason for the police officer to be examining the doork|1| police|-17.13025665283203|-142.67489624023438|-125.54463958740234|-11.764986038208008|5.365270614624023|145.27224230766296
Qwen/Qwen2.5-1.5B-Instruct|The police officer walked into the room, carefully examining every clue. The information was sparse, but he believed the clues would lead him to the truth. He looked at the doorknob, noticing something odd about it. He made a note to check it more| closely later. NEWLINENEWLINEWhat is the most likely reason for the police officer to be examining the doork|2| officer|-12.55511474609375|-129.424072265625|-116.86895751953125|-11.764986038208008|0.7901287078857422|145.51828861236572
Qwen/Qwen2.5-1.5B-Instruct|The police officer walked into the room, carefully examining every clue. The information was sparse, but he believed the clues would lead him to the truth. He looked at the doorknob, noticing something odd about it. He made a note to check it more| closely later. NEWLINENEWLINEWhat is the most likely reason for the police officer to be examining the doork|3| walked|-11.986282348632812|-124.38616180419922|-112.3998794555664|-11.764986038208008|0.2212963104248047|146.17732548713684
Qwen/Qwen2.5-1.5B-Instruct|The police officer walked into the room, carefully examining every clue. The information was sparse, but he believed the clues would lead him to the truth. He looked at the doorknob, noticing something odd about it. He made a note to check it more| closely later. NEWLINENEWLINEWhat is the most likely reason for the police officer to be examining the doork|4| into|-12.398956298828125|-118.5677719116211|-106.16881561279297|-11.764986038208008|0.6339702606201172|145.81631660461426
Qwen/Qwen2.5-1.5B-Instruct|The police officer walked into the room, carefully examining every clue. The information was sparse, but he believed the clues would lead him to the truth. He looked at the doorknob, noticing something odd about it. He made a note to check it more| closely later. NEWLINENEWLINEWhat is the most likely reason for the police officer to be examining the doork|5| the|-11.758872985839844|-118.5076675415039|-106.74879455566406|-11.764986038208008|-0.0061130523681640625|145.36323285102844
Qwen/Qwen2.5-1.5B-Instruct|The police officer walked into the room, carefully examining every clue. The information was sparse, but he believed the clues would lead him to the truth. He looked at the doorknob, noticing something odd about it. He made a note to check it more| closely later. NEWLINENEWLINEWhat is the most likely reason for the police officer to be examining the doork|6| room|-12.0479736328125|-117.50016021728516|-105.45218658447266|-11.764986038208008|0.2829875946044922|145.83377957344055
Qwen/Qwen2.5-1.5B-Instruct|The police officer walked into the room, carefully examining every clue. The information was sparse, but he believed the clues would lead him to the truth. He looked at the doorknob, noticing something odd about it. He made a note to check it more| closely later. NEWLINENEWLINEWhat is the most likely reason for the police officer to be examining the doork|7|,|-11.759719848632812|-117.08565521240234|-105.32593536376953|-11.764986038208008|-0.0052661895751953125|145.65859246253967
Qwen/Qwen2.5-1.5B-Instruct|The police officer walked into the room, carefully examining every clue. The information was sparse, but he believed the clues would lead him to the truth. He looked at the doorknob, noticing something odd about it. He made a note to check it more| closely later. NEWLINENEWLINEWhat is the most likely reason for the police officer to be examining the doork|8| carefully|-11.83349609375|-115.23603057861328|-103.40253448486328|-11.764986038208008|0.06851005554199219|145.59931659698486
Qwen/Qwen2.5-1.5B-Instruct|The police officer walked into the room, carefully examining every clue. The information was sparse, but he believed the clues would lead him to the truth. He looked at the doorknob, noticing something odd about it. He made a note to check it more| closely later. NEWLINENEWLINEWhat is the most likely reason for the police officer to be examining the doork|9| examining|-12.679679870605469|-107.92384338378906|-95.2441635131836|-11.764986038208008|0.9146938323974609|145.36165618896484
Qwen/Qwen2.5-1.5B-Instruct|The police officer walked into the room, carefully examining every clue. The information was sparse, but he believed the clues would lead him to the truth. He looked at the doorknob, noticing something odd about it. He made a note to check it more| closely later. NEWLINENEWLINEWhat is the most likely reason for the police officer to be examining the doork|10| every|-12.001792907714844|-104.27845001220703|-92.27665710449219|-11.764986038208008|0.23680686950683594|145.597238779068
Qwen/Qwen2.5-1.5B-Instruct|The police officer walked into the room, carefully examining every clue. The information was sparse, but he believed the clues would lead him to the truth. He looked at the doorknob, noticing something odd about it. He made a note to check it more| closely later. NEWLINENEWLINEWhat is the most likely reason for the police officer to be examining the doork|11| clue|-11.65289306640625|-99.76570129394531|-88.11280822753906|-11.764986038208008|-0.11209297180175781|145.6421205997467
Qwen/Qwen2.5-1.5B-Instruct|The police officer walked into the room, carefully examining every clue. The information was sparse, but he believed the clues would lead him to the truth. He looked at the doorknob, noticing something odd about it. He made a note to check it more| closely later. NEWLINENEWLINEWhat is the most likely reason for the police officer to be examining the doork|12|.|-11.762725830078125|-95.05613708496094|-83.29341125488281|-11.764986038208008|-0.0022602081298828125|145.08972573280334
Qwen/Qwen2.5-1.5B-Instruct|The police officer walked into the room, carefully examining every clue. The information was sparse, but he believed the clues would lead him to the truth. He looked at the doorknob, noticing something odd about it. He made a note to check it more| closely later. NEWLINENEWLINEWhat is the most likely reason for the police officer to be examining the doork|13| The|-11.760749816894531|-93.10215759277344|-81.3414077758789|-11.764986038208008|-0.0042362213134765625|146.95889258384705
Qwen/Qwen2.5-1.5B-Instruct|The police officer walked into the room, carefully examining every clue. The information was sparse, but he believed the clues would lead him to the truth. He looked at the doorknob, noticing something odd about it. He made a note to check it more| closely later. NEWLINENEWLINEWhat is the most likely reason for the police officer to be examining the doork|14| information|-11.85723876953125|-86.16323852539062|-74.30599975585938|-11.764986038208008|0.09225273132324219|146.74256563186646
Qwen/Qwen2.5-1.5B-Instruct|The police officer walked into the room, carefully examining every clue. The information was sparse, but he believed the clues would lead him to the truth. He looked at the doorknob, noticing something odd about it. He made a note to check it more| closely later. NEWLINENEWLINEWhat is the most likely reason for the police officer to be examining the doork|15| was|-11.759689331054688|-83.85882568359375|-72.09913635253906|-11.764986038208008|-0.0052967071533203125|145.2728888988495
Qwen/Qwen2.5-1.5B-Instruct|The police officer walked into the room, carefully examining every clue. The information was sparse, but he believed the clues would lead him to the truth. He looked at the doorknob, noticing something odd about it. He made a note to check it more| closely later. NEWLINENEWLINEWhat is the most likely reason for the police officer to be examining the doork|16| sparse|-11.531761169433594|-77.78150177001953|-66.24974060058594|-11.764986038208008|-0.23322486877441406|146.11579751968384
Qwen/Qwen2.5-1.5B-Instruct|The police officer walked into the room, carefully examining every clue. The information was sparse, but he believed the clues would lead him to the truth. He looked at the doorknob, noticing something odd about it. He made a note to check it more| closely later. NEWLINENEWLINEWhat is the most likely reason for the police officer to be examining the doork|17|,|-11.759613037109375|-75.28975677490234|-63.53014373779297|-11.764986038208008|-0.0053730010986328125|144.7095012664795
Qwen/Qwen2.5-1.5B-Instruct|The police officer walked into the room, carefully examining every clue. The information was sparse, but he believed the clues would lead him to the truth. He looked at the doorknob, noticing something odd about it. He made a note to check it more| closely later. NEWLINENEWLINEWhat is the most likely reason for the police officer to be examining the doork|18| but|-11.763168334960938|-74.84982299804688|-63.08665466308594|-11.764986038208008|-0.0018177032470703125|145.60185360908508
Qwen/Qwen2.5-1.5B-Instruct|The police officer walked into the room, carefully examining every clue. The information was sparse, but he believed the clues would lead him to the truth. He looked at the doorknob, noticing something odd about it. He made a note to check it more| closely later. NEWLINENEWLINEWhat is the most likely reason for the police officer to be examining the doork|19| he|-11.76019287109375|-74.38823699951172|-62.62804412841797|-11.764986038208008|-0.0047931671142578125|146.09579420089722
Qwen/Qwen2.5-1.5B-Instruct|The police officer walked into the room, carefully examining every clue. The information was sparse, but he believed the clues would lead him to the truth. He looked at the doorknob, noticing something odd about it. He made a note to check it more| closely later. NEWLINENEWLINEWhat is the most likely reason for the police officer to be examining the doork|20| believed|-11.831123352050781|-71.18177795410156|-59.35065460205078|-11.764986038208008|0.06613731384277344|145.8940691947937
Qwen/Qwen2.5-1.5B-Instruct|The police officer walked into the room, carefully examining every clue. The information was sparse, but he believed the clues would lead him to the truth. He looked at the doorknob, noticing something odd about it. He made a note to check it more| closely later. NEWLINENEWLINEWhat is the most likely reason for the police officer to be examining the doork|21| the|-11.780517578125|-67.87128448486328|-56.09076690673828|-11.764986038208008|0.015531539916992188|145.3328549861908
Qwen/Qwen2.5-1.5B-Instruct|The police officer walked into the room, carefully examining every clue. The information was sparse, but he believed the clues would lead him to the truth. He looked at the doorknob, noticing something odd about it. He made a note to check it more| closely later. NEWLINENEWLINEWhat is the most likely reason for the police officer to be examining the doork|22| clues|-11.79229736328125|-64.47953796386719|-52.68724060058594|-11.764986038208008|0.027311325073242188|145.78550505638123
Qwen/Qwen2.5-1.5B-Instruct|The police officer walked into the room, carefully examining every clue. The information was sparse, but he believed the clues would lead him to the truth. He looked at the doorknob, noticing something odd about it. He made a note to check it more| closely later. NEWLINENEWLINEWhat is the most likely reason for the police officer to be examining the doork|23| would|-11.76104736328125|-62.32432174682617|-50.56327438354492|-11.764986038208008|-0.0039386749267578125|146.05632305145264
Qwen/Qwen2.5-1.5B-Instruct|The police officer walked into the room, carefully examining every clue. The information was sparse, but he believed the clues would lead him to the truth. He looked at the doorknob, noticing something odd about it. He made a note to check it more| closely later. NEWLINENEWLINEWhat is the most likely reason for the police officer to be examining the doork|24| lead|-11.770301818847656|-61.5412712097168|-49.77096939086914|-11.764986038208008|0.0053157806396484375|146.55300188064575
Qwen/Qwen2.5-1.5B-Instruct|The police officer walked into the room, carefully examining every clue. The information was sparse, but he believed the clues would lead him to the truth. He looked at the doorknob, noticing something odd about it. He made a note to check it more| closely later. NEWLINENEWLINEWhat is the most likely reason for the police officer to be examining the doork|25| him|-11.756114959716797|-60.416419982910156|-48.66030502319336|-11.764986038208008|-0.008871078491210938|146.3931930065155
Qwen/Qwen2.5-1.5B-Instruct|The police officer walked into the room, carefully examining every clue. The information was sparse, but he believed the clues would lead him to the truth. He looked at the doorknob, noticing something odd about it. He made a note to check it more| closely later. NEWLINENEWLINEWhat is the most likely reason for the police officer to be examining the doork|26| to|-11.760509490966797|-59.579994201660156|-47.81948471069336|-11.764986038208008|-0.0044765472412109375|147.49850511550903
Qwen/Qwen2.5-1.5B-Instruct|The police officer walked into the room, carefully examining every clue. The information was sparse, but he believed the clues would lead him to the truth. He looked at the doorknob, noticing something odd about it. He made a note to check it more| closely later. NEWLINENEWLINEWhat is the most likely reason for the police officer to be examining the doork|27| the|-11.759521484375|-59.41791534423828|-47.65839385986328|-11.764986038208008|-0.0054645538330078125|145.7229642868042
Qwen/Qwen2.5-1.5B-Instruct|The police officer walked into the room, carefully examining every clue. The information was sparse, but he believed the clues would lead him to the truth. He looked at the doorknob, noticing something odd about it. He made a note to check it more| closely later. NEWLINENEWLINEWhat is the most likely reason for the police officer to be examining the doork|28| truth|-11.870948791503906|-58.43444061279297|-46.56349182128906|-11.764986038208008|0.10596275329589844|146.2471764087677
Qwen/Qwen2.5-1.5B-Instruct|The police officer walked into the room, carefully examining every clue. The information was sparse, but he believed the clues would lead him to the truth. He looked at the doorknob, noticing something odd about it. He made a note to check it more| closely later. NEWLINENEWLINEWhat is the most likely reason for the police officer to be examining the doork|29|.|-11.761035919189453|-58.33373260498047|-46.572696685791016|-11.764986038208008|-0.0039501190185546875|145.350928068161
Qwen/Qwen2.5-1.5B-Instruct|The police officer walked into the room, carefully examining every clue. The information was sparse, but he believed the clues would lead him to the truth. He looked at the doorknob, noticing something odd about it. He made a note to check it more| closely later. NEWLINENEWLINEWhat is the most likely reason for the police officer to be examining the doork|30| He|-11.790824890136719|-57.790550231933594|-45.999725341796875|-11.764986038208008|0.025838851928710938|146.09819960594177
Qwen/Qwen2.5-1.5B-Instruct|The police officer walked into the room, carefully examining every clue. The information was sparse, but he believed the clues would lead him to the truth. He looked at the doorknob, noticing something odd about it. He made a note to check it more| closely later. NEWLINENEWLINEWhat is the most likely reason for the police officer to be examining the doork|31| looked|-11.852005004882812|-54.84201431274414|-42.99000930786133|-11.764986038208008|0.08701896667480469|146.41016459465027
Qwen/Qwen2.5-1.5B-Instruct|The police officer walked into the room, carefully examining every clue. The information was sparse, but he believed the clues would lead him to the truth. He looked at the doorknob, noticing something odd about it. He made a note to check it more| closely later. NEWLINENEWLINEWhat is the most likely reason for the police officer to be examining the doork|32| at|-11.769527435302734|-51.828590393066406|-40.05906295776367|-11.764986038208008|0.0045413970947265625|146.68143939971924
Qwen/Qwen2.5-1.5B-Instruct|The police officer walked into the room, carefully examining every clue. The information was sparse, but he believed the clues would lead him to the truth. He looked at the doorknob, noticing something odd about it. He made a note to check it more| closely later. NEWLINENEWLINEWhat is the most likely reason for the police officer to be examining the doork|33| the|-11.758655548095703|-50.71187973022461|-38.953224182128906|-11.764986038208008|-0.0063304901123046875|146.98504328727722
Qwen/Qwen2.5-1.5B-Instruct|The police officer walked into the room, carefully examining every clue. The information was sparse, but he believed the clues would lead him to the truth. He looked at the doorknob, noticing something odd about it. He made a note to check it more| closely later. NEWLINENEWLINEWhat is the most likely reason for the police officer to be examining the doork|34| do|-11.759513854980469|-50.508949279785156|-38.74943542480469|-11.764986038208008|-0.0054721832275390625|147.03517961502075
Qwen/Qwen2.5-1.5B-Instruct|The police officer walked into the room, carefully examining every clue. The information was sparse, but he believed the clues would lead him to the truth. He looked at the doorknob, noticing something odd about it. He made a note to check it more| closely later. NEWLINENEWLINEWhat is the most likely reason for the police officer to be examining the doork|35|ork|-11.759347915649414|-39.859214782714844|-28.09986686706543|-11.764986038208008|-0.00563812255859375|147.00626516342163
Qwen/Qwen2.5-1.5B-Instruct|The police officer walked into the room, carefully examining every clue. The information was sparse, but he believed the clues would lead him to the truth. He looked at the doorknob, noticing something odd about it. He made a note to check it more| closely later. NEWLINENEWLINEWhat is the most likely reason for the police officer to be examining the doork|36|nob|-11.759347915649414|-39.431968688964844|-27.67262077331543|-11.764986038208008|-0.00563812255859375|146.15115427970886
Qwen/Qwen2.5-1.5B-Instruct|The police officer walked into the room, carefully examining every clue. The information was sparse, but he believed the clues would lead him to the truth. He looked at the doorknob, noticing something odd about it. He made a note to check it more| closely later. NEWLINENEWLINEWhat is the most likely reason for the police officer to be examining the doork|37|,|-11.759496688842773|-39.43085861206055|-27.671361923217773|-11.764986038208008|-0.005489349365234375|146.81267404556274
Qwen/Qwen2.5-1.5B-Instruct|The police officer walked into the room, carefully examining every clue. The information was sparse, but he believed the clues would lead him to the truth. He looked at the doorknob, noticing something odd about it. He made a note to check it more| closely later. NEWLINENEWLINEWhat is the most likely reason for the police officer to be examining the doork|38| noticing|-11.986030578613281|-38.567935943603516|-26.581905364990234|-11.764986038208008|0.22104454040527344|146.7167706489563
Qwen/Qwen2.5-1.5B-Instruct|The police officer walked into the room, carefully examining every clue. The information was sparse, but he believed the clues would lead him to the truth. He looked at the doorknob, noticing something odd about it. He made a note to check it more| closely later. NEWLINENEWLINEWhat is the most likely reason for the police officer to be examining the doork|39| something|-11.759439468383789|-35.252559661865234|-23.493120193481445|-11.764986038208008|-0.00554656982421875|146.60278701782227
Qwen/Qwen2.5-1.5B-Instruct|The police officer walked into the room, carefully examining every clue. The information was sparse, but he believed the clues would lead him to the truth. He looked at the doorknob, noticing something odd about it. He made a note to check it more| closely later. NEWLINENEWLINEWhat is the most likely reason for the police officer to be examining the doork|40| odd|-11.566244125366211|-30.503812789916992|-18.93756866455078|-11.764986038208008|-0.19874191284179688|146.41537880897522
Qwen/Qwen2.5-1.5B-Instruct|The police officer walked into the room, carefully examining every clue. The information was sparse, but he believed the clues would lead him to the truth. He looked at the doorknob, noticing something odd about it. He made a note to check it more| closely later. NEWLINENEWLINEWhat is the most likely reason for the police officer to be examining the doork|41| about|-11.75383186340332|-30.0403995513916|-18.28656768798828|-11.764986038208008|-0.0111541748046875|146.9819176197052
Qwen/Qwen2.5-1.5B-Instruct|The police officer walked into the room, carefully examining every clue. The information was sparse, but he believed the clues would lead him to the truth. He looked at the doorknob, noticing something odd about it. He made a note to check it more| closely later. NEWLINENEWLINEWhat is the most likely reason for the police officer to be examining the doork|42| it|-11.759431838989258|-28.887666702270508|-17.12823486328125|-11.764986038208008|-0.00555419921875|147.3751404285431
Qwen/Qwen2.5-1.5B-Instruct|The police officer walked into the room, carefully examining every clue. The information was sparse, but he believed the clues would lead him to the truth. He looked at the doorknob, noticing something odd about it. He made a note to check it more| closely later. NEWLINENEWLINEWhat is the most likely reason for the police officer to be examining the doork|43|.|-11.760505676269531|-28.016305923461914|-16.255800247192383|-11.764986038208008|-0.0044803619384765625|146.70058012008667
Qwen/Qwen2.5-1.5B-Instruct|The police officer walked into the room, carefully examining every clue. The information was sparse, but he believed the clues would lead him to the truth. He looked at the doorknob, noticing something odd about it. He made a note to check it more| closely later. NEWLINENEWLINEWhat is the most likely reason for the police officer to be examining the doork|44| He|-11.756721496582031|-27.67331314086914|-15.91659164428711|-11.764986038208008|-0.008264541625976562|146.56860256195068
Qwen/Qwen2.5-1.5B-Instruct|The police officer walked into the room, carefully examining every clue. The information was sparse, but he believed the clues would lead him to the truth. He looked at the doorknob, noticing something odd about it. He made a note to check it more| closely later. NEWLINENEWLINEWhat is the most likely reason for the police officer to be examining the doork|45| made|-11.760610580444336|-25.32947540283203|-13.568864822387695|-11.764986038208008|-0.004375457763671875|146.44229125976562
Qwen/Qwen2.5-1.5B-Instruct|The police officer walked into the room, carefully examining every clue. The information was sparse, but he believed the clues would lead him to the truth. He looked at the doorknob, noticing something odd about it. He made a note to check it more| closely later. NEWLINENEWLINEWhat is the most likely reason for the police officer to be examining the doork|46| a|-11.759685516357422|-19.62823486328125|-7.868549823760986|-11.764986038208008|-0.0053005218505859375|146.00982570648193
Qwen/Qwen2.5-1.5B-Instruct|The police officer walked into the room, carefully examining every clue. The information was sparse, but he believed the clues would lead him to the truth. He looked at the doorknob, noticing something odd about it. He made a note to check it more| closely later. NEWLINENEWLINEWhat is the most likely reason for the police officer to be examining the doork|47| note|-11.902104377746582|-19.50157356262207|-7.599469184875488|-11.764986038208008|0.13711833953857422|147.1128795146942
Qwen/Qwen2.5-1.5B-Instruct|The police officer walked into the room, carefully examining every clue. The information was sparse, but he believed the clues would lead him to the truth. He looked at the doorknob, noticing something odd about it. He made a note to check it more| closely later. NEWLINENEWLINEWhat is the most likely reason for the police officer to be examining the doork|48| to|-11.759347915649414|-18.1163330078125|-6.356984615325928|-11.764986038208008|-0.00563812255859375|146.6610300540924
Qwen/Qwen2.5-1.5B-Instruct|The police officer walked into the room, carefully examining every clue. The information was sparse, but he believed the clues would lead him to the truth. He looked at the doorknob, noticing something odd about it. He made a note to check it more| closely later. NEWLINENEWLINEWhat is the most likely reason for the police officer to be examining the doork|49| check|-11.843442916870117|-16.242414474487305|-4.3989715576171875|-11.764986038208008|0.07845687866210938|145.932190656662
Qwen/Qwen2.5-1.5B-Instruct|The police officer walked into the room, carefully examining every clue. The information was sparse, but he believed the clues would lead him to the truth. He looked at the doorknob, noticing something odd about it. He made a note to check it more| closely later. NEWLINENEWLINEWhat is the most likely reason for the police officer to be examining the doork|50| it|-11.771081924438477|-15.062067985534668|-3.2909862995147705|-11.764986038208008|0.00609588623046875|147.23969340324402
Qwen/Qwen2.5-1.5B-Instruct|The police officer walked into the room, carefully examining every clue. The information was sparse, but he believed the clues would lead him to the truth. He looked at the doorknob, noticing something odd about it. He made a note to check it more| closely later. NEWLINENEWLINEWhat is the most likely reason for the police officer to be examining the doork|51| more|-14.459510803222656|-14.459904670715332|-0.000394284725189209|-11.764986038208008|2.6945247650146484|146.73717379570007
