model_name|prompt|response|muid|mu_val|D|D_num|D_denom|A_num|LogA
Qwen/Qwen2.5-1.5B-Instruct|Passage: "In 1997, NASA's Cassini space probe was launched to explore Saturn. It was active for twenty years, spending it's last 13 years orbiting Saturn." Question: "When was the Cassini launched?| " Let's give stream of consciousness first:NEWLINETo answer the question "When was the Cassini launched|0|Pass|-5.834442138671875|-135.728271484375|-129.89382934570312|-2.0922389030456543|3.7422032356262207
Qwen/Qwen2.5-1.5B-Instruct|Passage: "In 1997, NASA's Cassini space probe was launched to explore Saturn. It was active for twenty years, spending it's last 13 years orbiting Saturn." Question: "When was the Cassini launched?| " Let's give stream of consciousness first:NEWLINETo answer the question "When was the Cassini launched|1|age|-4.9082489013671875|-124.13406372070312|-119.22581481933594|-2.0922389030456543|2.816009998321533
Qwen/Qwen2.5-1.5B-Instruct|Passage: "In 1997, NASA's Cassini space probe was launched to explore Saturn. It was active for twenty years, spending it's last 13 years orbiting Saturn." Question: "When was the Cassini launched?| " Let's give stream of consciousness first:NEWLINETo answer the question "When was the Cassini launched|2|:|-2.6683425903320312|-118.6469497680664|-115.97860717773438|-2.0922389030456543|0.576103687286377
Qwen/Qwen2.5-1.5B-Instruct|Passage: "In 1997, NASA's Cassini space probe was launched to explore Saturn. It was active for twenty years, spending it's last 13 years orbiting Saturn." Question: "When was the Cassini launched?| " Let's give stream of consciousness first:NEWLINETo answer the question "When was the Cassini launched|3| "|-2.0862808227539062|-114.34176635742188|-112.25548553466797|-2.0922389030456543|-0.005958080291748047
Qwen/Qwen2.5-1.5B-Instruct|Passage: "In 1997, NASA's Cassini space probe was launched to explore Saturn. It was active for twenty years, spending it's last 13 years orbiting Saturn." Question: "When was the Cassini launched?| " Let's give stream of consciousness first:NEWLINETo answer the question "When was the Cassini launched|4|In|-2.0814132690429688|-112.12608337402344|-110.04467010498047|-2.0922389030456543|-0.010825634002685547
Qwen/Qwen2.5-1.5B-Instruct|Passage: "In 1997, NASA's Cassini space probe was launched to explore Saturn. It was active for twenty years, spending it's last 13 years orbiting Saturn." Question: "When was the Cassini launched?| " Let's give stream of consciousness first:NEWLINETo answer the question "When was the Cassini launched|5| |-2.0809326171875|-107.10136413574219|-105.02043151855469|-2.0922389030456543|-0.011306285858154297
Qwen/Qwen2.5-1.5B-Instruct|Passage: "In 1997, NASA's Cassini space probe was launched to explore Saturn. It was active for twenty years, spending it's last 13 years orbiting Saturn." Question: "When was the Cassini launched?| " Let's give stream of consciousness first:NEWLINETo answer the question "When was the Cassini launched|6|1|-2.0808792114257812|-103.70002746582031|-101.61914825439453|-2.0922389030456543|-0.011359691619873047
Qwen/Qwen2.5-1.5B-Instruct|Passage: "In 1997, NASA's Cassini space probe was launched to explore Saturn. It was active for twenty years, spending it's last 13 years orbiting Saturn." Question: "When was the Cassini launched?| " Let's give stream of consciousness first:NEWLINETo answer the question "When was the Cassini launched|7|9|-2.081146240234375|-103.31646728515625|-101.23532104492188|-2.0922389030456543|-0.011092662811279297
Qwen/Qwen2.5-1.5B-Instruct|Passage: "In 1997, NASA's Cassini space probe was launched to explore Saturn. It was active for twenty years, spending it's last 13 years orbiting Saturn." Question: "When was the Cassini launched?| " Let's give stream of consciousness first:NEWLINETo answer the question "When was the Cassini launched|8|9|-2.1027069091796875|-102.22444152832031|-100.12173461914062|-2.0922389030456543|0.010468006134033203
Qwen/Qwen2.5-1.5B-Instruct|Passage: "In 1997, NASA's Cassini space probe was launched to explore Saturn. It was active for twenty years, spending it's last 13 years orbiting Saturn." Question: "When was the Cassini launched?| " Let's give stream of consciousness first:NEWLINETo answer the question "When was the Cassini launched|9|7|-2.0904312133789062|-98.66793060302734|-96.57749938964844|-2.0922389030456543|-0.0018076896667480469
Qwen/Qwen2.5-1.5B-Instruct|Passage: "In 1997, NASA's Cassini space probe was launched to explore Saturn. It was active for twenty years, spending it's last 13 years orbiting Saturn." Question: "When was the Cassini launched?| " Let's give stream of consciousness first:NEWLINETo answer the question "When was the Cassini launched|10|,|-2.0803604125976562|-98.56298065185547|-96.48262023925781|-2.0922389030456543|-0.011878490447998047
Qwen/Qwen2.5-1.5B-Instruct|Passage: "In 1997, NASA's Cassini space probe was launched to explore Saturn. It was active for twenty years, spending it's last 13 years orbiting Saturn." Question: "When was the Cassini launched?| " Let's give stream of consciousness first:NEWLINETo answer the question "When was the Cassini launched|11| NASA|-2.0809555053710938|-98.42922973632812|-96.34827423095703|-2.0922389030456543|-0.011283397674560547
Qwen/Qwen2.5-1.5B-Instruct|Passage: "In 1997, NASA's Cassini space probe was launched to explore Saturn. It was active for twenty years, spending it's last 13 years orbiting Saturn." Question: "When was the Cassini launched?| " Let's give stream of consciousness first:NEWLINETo answer the question "When was the Cassini launched|12|'s|-2.0722885131835938|-92.38748931884766|-90.31520080566406|-2.0922389030456543|-0.019950389862060547
Qwen/Qwen2.5-1.5B-Instruct|Passage: "In 1997, NASA's Cassini space probe was launched to explore Saturn. It was active for twenty years, spending it's last 13 years orbiting Saturn." Question: "When was the Cassini launched?| " Let's give stream of consciousness first:NEWLINETo answer the question "When was the Cassini launched|13| Cass|-2.08087158203125|-90.94142150878906|-88.86054992675781|-2.0922389030456543|-0.011367321014404297
Qwen/Qwen2.5-1.5B-Instruct|Passage: "In 1997, NASA's Cassini space probe was launched to explore Saturn. It was active for twenty years, spending it's last 13 years orbiting Saturn." Question: "When was the Cassini launched?| " Let's give stream of consciousness first:NEWLINETo answer the question "When was the Cassini launched|14|ini|-2.0808792114257812|-88.51353454589844|-86.43265533447266|-2.0922389030456543|-0.011359691619873047
Qwen/Qwen2.5-1.5B-Instruct|Passage: "In 1997, NASA's Cassini space probe was launched to explore Saturn. It was active for twenty years, spending it's last 13 years orbiting Saturn." Question: "When was the Cassini launched?| " Let's give stream of consciousness first:NEWLINETo answer the question "When was the Cassini launched|15| space|-2.0817489624023438|-88.46965789794922|-86.38790893554688|-2.0922389030456543|-0.010489940643310547
Qwen/Qwen2.5-1.5B-Instruct|Passage: "In 1997, NASA's Cassini space probe was launched to explore Saturn. It was active for twenty years, spending it's last 13 years orbiting Saturn." Question: "When was the Cassini launched?| " Let's give stream of consciousness first:NEWLINETo answer the question "When was the Cassini launched|16| probe|-2.0855255126953125|-84.37033081054688|-82.28480529785156|-2.0922389030456543|-0.006713390350341797
Qwen/Qwen2.5-1.5B-Instruct|Passage: "In 1997, NASA's Cassini space probe was launched to explore Saturn. It was active for twenty years, spending it's last 13 years orbiting Saturn." Question: "When was the Cassini launched?| " Let's give stream of consciousness first:NEWLINETo answer the question "When was the Cassini launched|17| was|-2.0816574096679688|-84.5225830078125|-82.44092559814453|-2.0922389030456543|-0.010581493377685547
Qwen/Qwen2.5-1.5B-Instruct|Passage: "In 1997, NASA's Cassini space probe was launched to explore Saturn. It was active for twenty years, spending it's last 13 years orbiting Saturn." Question: "When was the Cassini launched?| " Let's give stream of consciousness first:NEWLINETo answer the question "When was the Cassini launched|18| launched|-2.0952987670898438|-82.082763671875|-79.98746490478516|-2.0922389030456543|0.003059864044189453
Qwen/Qwen2.5-1.5B-Instruct|Passage: "In 1997, NASA's Cassini space probe was launched to explore Saturn. It was active for twenty years, spending it's last 13 years orbiting Saturn." Question: "When was the Cassini launched?| " Let's give stream of consciousness first:NEWLINETo answer the question "When was the Cassini launched|19| to|-2.08087158203125|-81.90754699707031|-79.82667541503906|-2.0922389030456543|-0.011367321014404297
Qwen/Qwen2.5-1.5B-Instruct|Passage: "In 1997, NASA's Cassini space probe was launched to explore Saturn. It was active for twenty years, spending it's last 13 years orbiting Saturn." Question: "When was the Cassini launched?| " Let's give stream of consciousness first:NEWLINETo answer the question "When was the Cassini launched|20| explore|-2.0768966674804688|-79.83098602294922|-77.75408935546875|-2.0922389030456543|-0.015342235565185547
Qwen/Qwen2.5-1.5B-Instruct|Passage: "In 1997, NASA's Cassini space probe was launched to explore Saturn. It was active for twenty years, spending it's last 13 years orbiting Saturn." Question: "When was the Cassini launched?| " Let's give stream of consciousness first:NEWLINETo answer the question "When was the Cassini launched|21| Saturn|-2.0910415649414062|-79.31787872314453|-77.22683715820312|-2.0922389030456543|-0.0011973381042480469
Qwen/Qwen2.5-1.5B-Instruct|Passage: "In 1997, NASA's Cassini space probe was launched to explore Saturn. It was active for twenty years, spending it's last 13 years orbiting Saturn." Question: "When was the Cassini launched?| " Let's give stream of consciousness first:NEWLINETo answer the question "When was the Cassini launched|22|.|-2.122955322265625|-79.26980590820312|-77.1468505859375|-2.0922389030456543|0.030716419219970703
Qwen/Qwen2.5-1.5B-Instruct|Passage: "In 1997, NASA's Cassini space probe was launched to explore Saturn. It was active for twenty years, spending it's last 13 years orbiting Saturn." Question: "When was the Cassini launched?| " Let's give stream of consciousness first:NEWLINETo answer the question "When was the Cassini launched|23| It|-2.0816879272460938|-77.23558044433594|-75.15389251708984|-2.0922389030456543|-0.010550975799560547
Qwen/Qwen2.5-1.5B-Instruct|Passage: "In 1997, NASA's Cassini space probe was launched to explore Saturn. It was active for twenty years, spending it's last 13 years orbiting Saturn." Question: "When was the Cassini launched?| " Let's give stream of consciousness first:NEWLINETo answer the question "When was the Cassini launched|24| was|-2.108673095703125|-74.87566375732422|-72.7669906616211|-2.0922389030456543|0.016434192657470703
Qwen/Qwen2.5-1.5B-Instruct|Passage: "In 1997, NASA's Cassini space probe was launched to explore Saturn. It was active for twenty years, spending it's last 13 years orbiting Saturn." Question: "When was the Cassini launched?| " Let's give stream of consciousness first:NEWLINETo answer the question "When was the Cassini launched|25| active|-2.1506576538085938|-70.93514251708984|-68.78448486328125|-2.0922389030456543|0.05841875076293945
Qwen/Qwen2.5-1.5B-Instruct|Passage: "In 1997, NASA's Cassini space probe was launched to explore Saturn. It was active for twenty years, spending it's last 13 years orbiting Saturn." Question: "When was the Cassini launched?| " Let's give stream of consciousness first:NEWLINETo answer the question "When was the Cassini launched|26| for|-2.0795822143554688|-63.13494110107422|-61.05535888671875|-2.0922389030456543|-0.012656688690185547
Qwen/Qwen2.5-1.5B-Instruct|Passage: "In 1997, NASA's Cassini space probe was launched to explore Saturn. It was active for twenty years, spending it's last 13 years orbiting Saturn." Question: "When was the Cassini launched?| " Let's give stream of consciousness first:NEWLINETo answer the question "When was the Cassini launched|27| twenty|-2.1534996032714844|-58.11857223510742|-55.96507263183594|-2.0922389030456543|0.06126070022583008
Qwen/Qwen2.5-1.5B-Instruct|Passage: "In 1997, NASA's Cassini space probe was launched to explore Saturn. It was active for twenty years, spending it's last 13 years orbiting Saturn." Question: "When was the Cassini launched?| " Let's give stream of consciousness first:NEWLINETo answer the question "When was the Cassini launched|28| years|-2.0810089111328125|-55.2913703918457|-53.21036148071289|-2.0922389030456543|-0.011229991912841797
Qwen/Qwen2.5-1.5B-Instruct|Passage: "In 1997, NASA's Cassini space probe was launched to explore Saturn. It was active for twenty years, spending it's last 13 years orbiting Saturn." Question: "When was the Cassini launched?| " Let's give stream of consciousness first:NEWLINETo answer the question "When was the Cassini launched|29|,|-2.081817626953125|-54.28037643432617|-52.19855880737305|-2.0922389030456543|-0.010421276092529297
Qwen/Qwen2.5-1.5B-Instruct|Passage: "In 1997, NASA's Cassini space probe was launched to explore Saturn. It was active for twenty years, spending it's last 13 years orbiting Saturn." Question: "When was the Cassini launched?| " Let's give stream of consciousness first:NEWLINETo answer the question "When was the Cassini launched|30| spending|-2.0791168212890625|-53.294227600097656|-51.215110778808594|-2.0922389030456543|-0.013122081756591797
Qwen/Qwen2.5-1.5B-Instruct|Passage: "In 1997, NASA's Cassini space probe was launched to explore Saturn. It was active for twenty years, spending it's last 13 years orbiting Saturn." Question: "When was the Cassini launched?| " Let's give stream of consciousness first:NEWLINETo answer the question "When was the Cassini launched|31| it|-2.0835723876953125|-48.71110534667969|-46.627532958984375|-2.0922389030456543|-0.008666515350341797
Qwen/Qwen2.5-1.5B-Instruct|Passage: "In 1997, NASA's Cassini space probe was launched to explore Saturn. It was active for twenty years, spending it's last 13 years orbiting Saturn." Question: "When was the Cassini launched?| " Let's give stream of consciousness first:NEWLINETo answer the question "When was the Cassini launched|32|'s|-2.0791664123535156|-39.866119384765625|-37.78695297241211|-2.0922389030456543|-0.013072490692138672
Qwen/Qwen2.5-1.5B-Instruct|Passage: "In 1997, NASA's Cassini space probe was launched to explore Saturn. It was active for twenty years, spending it's last 13 years orbiting Saturn." Question: "When was the Cassini launched?| " Let's give stream of consciousness first:NEWLINETo answer the question "When was the Cassini launched|33| last|-2.080577850341797|-38.789981842041016|-36.70940399169922|-2.0922389030456543|-0.011661052703857422
Qwen/Qwen2.5-1.5B-Instruct|Passage: "In 1997, NASA's Cassini space probe was launched to explore Saturn. It was active for twenty years, spending it's last 13 years orbiting Saturn." Question: "When was the Cassini launched?| " Let's give stream of consciousness first:NEWLINETo answer the question "When was the Cassini launched|34| |-2.0809898376464844|-37.52847671508789|-35.447486877441406|-2.0922389030456543|-0.011249065399169922
Qwen/Qwen2.5-1.5B-Instruct|Passage: "In 1997, NASA's Cassini space probe was launched to explore Saturn. It was active for twenty years, spending it's last 13 years orbiting Saturn." Question: "When was the Cassini launched?| " Let's give stream of consciousness first:NEWLINETo answer the question "When was the Cassini launched|35|1|-2.0810165405273438|-34.785518646240234|-32.70450210571289|-2.0922389030456543|-0.011222362518310547
Qwen/Qwen2.5-1.5B-Instruct|Passage: "In 1997, NASA's Cassini space probe was launched to explore Saturn. It was active for twenty years, spending it's last 13 years orbiting Saturn." Question: "When was the Cassini launched?| " Let's give stream of consciousness first:NEWLINETo answer the question "When was the Cassini launched|36|3|-2.1004562377929688|-32.4930305480957|-30.392574310302734|-2.0922389030456543|0.008217334747314453
Qwen/Qwen2.5-1.5B-Instruct|Passage: "In 1997, NASA's Cassini space probe was launched to explore Saturn. It was active for twenty years, spending it's last 13 years orbiting Saturn." Question: "When was the Cassini launched?| " Let's give stream of consciousness first:NEWLINETo answer the question "When was the Cassini launched|37| years|-2.0755252838134766|-32.037803649902344|-29.962278366088867|-2.0922389030456543|-0.016713619232177734
Qwen/Qwen2.5-1.5B-Instruct|Passage: "In 1997, NASA's Cassini space probe was launched to explore Saturn. It was active for twenty years, spending it's last 13 years orbiting Saturn." Question: "When was the Cassini launched?| " Let's give stream of consciousness first:NEWLINETo answer the question "When was the Cassini launched|38| orbit|-2.0811901092529297|-31.693675994873047|-29.612485885620117|-2.0922389030456543|-0.01104879379272461
Qwen/Qwen2.5-1.5B-Instruct|Passage: "In 1997, NASA's Cassini space probe was launched to explore Saturn. It was active for twenty years, spending it's last 13 years orbiting Saturn." Question: "When was the Cassini launched?| " Let's give stream of consciousness first:NEWLINETo answer the question "When was the Cassini launched|39|ing|-2.0809478759765625|-30.563030242919922|-28.48208236694336|-2.0922389030456543|-0.011291027069091797
Qwen/Qwen2.5-1.5B-Instruct|Passage: "In 1997, NASA's Cassini space probe was launched to explore Saturn. It was active for twenty years, spending it's last 13 years orbiting Saturn." Question: "When was the Cassini launched?| " Let's give stream of consciousness first:NEWLINETo answer the question "When was the Cassini launched|40| Saturn|-2.0771045684814453|-30.484487533569336|-28.40738296508789|-2.0922389030456543|-0.015134334564208984
Qwen/Qwen2.5-1.5B-Instruct|Passage: "In 1997, NASA's Cassini space probe was launched to explore Saturn. It was active for twenty years, spending it's last 13 years orbiting Saturn." Question: "When was the Cassini launched?| " Let's give stream of consciousness first:NEWLINETo answer the question "When was the Cassini launched|41|."|-4.012336730957031|-28.356040954589844|-24.343704223632812|-2.0922389030456543|1.920097827911377
Qwen/Qwen2.5-1.5B-Instruct|Passage: "In 1997, NASA's Cassini space probe was launched to explore Saturn. It was active for twenty years, spending it's last 13 years orbiting Saturn." Question: "When was the Cassini launched?| " Let's give stream of consciousness first:NEWLINETo answer the question "When was the Cassini launched|42| Question|-4.113761901855469|-24.516809463500977|-20.403047561645508|-2.0922389030456543|2.0215229988098145
Qwen/Qwen2.5-1.5B-Instruct|Passage: "In 1997, NASA's Cassini space probe was launched to explore Saturn. It was active for twenty years, spending it's last 13 years orbiting Saturn." Question: "When was the Cassini launched?| " Let's give stream of consciousness first:NEWLINETo answer the question "When was the Cassini launched|43|:|-2.0904541015625|-17.920654296875|-15.8302001953125|-2.0922389030456543|-0.0017848014831542969
Qwen/Qwen2.5-1.5B-Instruct|Passage: "In 1997, NASA's Cassini space probe was launched to explore Saturn. It was active for twenty years, spending it's last 13 years orbiting Saturn." Question: "When was the Cassini launched?| " Let's give stream of consciousness first:NEWLINETo answer the question "When was the Cassini launched|44| "|-2.23681640625|-17.843446731567383|-15.606630325317383|-2.0922389030456543|0.1445775032043457
Qwen/Qwen2.5-1.5B-Instruct|Passage: "In 1997, NASA's Cassini space probe was launched to explore Saturn. It was active for twenty years, spending it's last 13 years orbiting Saturn." Question: "When was the Cassini launched?| " Let's give stream of consciousness first:NEWLINETo answer the question "When was the Cassini launched|45|When|-2.1809921264648438|-15.047453880310059|-12.866461753845215|-2.0922389030456543|0.08875322341918945
Qwen/Qwen2.5-1.5B-Instruct|Passage: "In 1997, NASA's Cassini space probe was launched to explore Saturn. It was active for twenty years, spending it's last 13 years orbiting Saturn." Question: "When was the Cassini launched?| " Let's give stream of consciousness first:NEWLINETo answer the question "When was the Cassini launched|46| was|-2.1149158477783203|-12.975521087646484|-10.860605239868164|-2.0922389030456543|0.022676944732666016
Qwen/Qwen2.5-1.5B-Instruct|Passage: "In 1997, NASA's Cassini space probe was launched to explore Saturn. It was active for twenty years, spending it's last 13 years orbiting Saturn." Question: "When was the Cassini launched?| " Let's give stream of consciousness first:NEWLINETo answer the question "When was the Cassini launched|47| the|-2.486546516418457|-12.075335502624512|-9.588788986206055|-2.0922389030456543|0.39430761337280273
Qwen/Qwen2.5-1.5B-Instruct|Passage: "In 1997, NASA's Cassini space probe was launched to explore Saturn. It was active for twenty years, spending it's last 13 years orbiting Saturn." Question: "When was the Cassini launched?| " Let's give stream of consciousness first:NEWLINETo answer the question "When was the Cassini launched|48| Cass|-2.081167221069336|-11.41259479522705|-9.331427574157715|-2.0922389030456543|-0.01107168197631836
Qwen/Qwen2.5-1.5B-Instruct|Passage: "In 1997, NASA's Cassini space probe was launched to explore Saturn. It was active for twenty years, spending it's last 13 years orbiting Saturn." Question: "When was the Cassini launched?| " Let's give stream of consciousness first:NEWLINETo answer the question "When was the Cassini launched|49|ini|-2.092813491821289|-11.058448791503906|-8.965635299682617|-2.0922389030456543|0.0005745887756347656
Qwen/Qwen2.5-1.5B-Instruct|Passage: "In 1997, NASA's Cassini space probe was launched to explore Saturn. It was active for twenty years, spending it's last 13 years orbiting Saturn." Question: "When was the Cassini launched?| " Let's give stream of consciousness first:NEWLINETo answer the question "When was the Cassini launched|50| launched|-3.474555015563965|-11.04879379272461|-7.5742387771606445|-2.0922389030456543|1.3823161125183105
Qwen/Qwen2.5-1.5B-Instruct|Passage: "In 1997, NASA's Cassini space probe was launched to explore Saturn. It was active for twenty years, spending it's last 13 years orbiting Saturn." Question: "When was the Cassini launched?| " Let's give stream of consciousness first:NEWLINETo answer the question "When was the Cassini launched|51|?|-5.4701056480407715|-5.470414161682129|-0.0003085136413574219|-2.0922389030456543|3.377866744995117
